region,murders,population,murder_rate
Northeast,1469,55317240,2.6555916383391508e-5
West,1911,71945553,2.6561752885546657e-5
North Central,1828,66927001,2.731334099371941e-5
South,4195,115674434,3.6265576194649894e-5
